Period;AT;BE;BG;CH;CY;CZ;DE;DK;EE;EL;ES;FI;FR;HR;HU;IE;IT;LT;LU;LV;ME;MK;MT;NL;NO;PL;PT;RO;RS;SE;SI;SK;TR;UK
01/01/95;45209.6 ;54344.8 ;3175.2 ;65580.5 ;1881.8 ;11017.9 ;485389.6 ;34527.0 ;686.4 ;25698.5 ;112945.8 ;24504.2 ;301292.7 ;4235.8 ;9129.2 ;12893.1 ;221717.0 ;1175.0 ;3743.6 ;1016.4 ; ; ; ;85125.5 ;28687.7 ;26368.1 ;22358.1 ;7213.6 ;6986.5 ;49708.1 ;3949.3 ;3592.0 ; ;258920.0 
01/04/95;46270.8 ;55318.0 ;3162.5 ;67574.8 ;1896.9 ;11300.9 ;498563.1 ;35418.8 ;730.2 ;25955.2 ;116318.1 ;25787.7 ;304852.3 ;4410.6 ;8659.5 ;13091.6 ;213721.2 ;1207.0 ;4019.5 ;1033.2 ; ; ; ;85843.8 ;28797.3 ;26905.3 ;22655.9 ;7109.3 ;7548.9 ;48886.5 ;4106.9 ;4061.4 ; ;252793.8 
01/07/95;46215.0 ;55275.7 ;3797.6 ;67830.6 ;1916.0 ;11687.0 ;496335.7 ;35448.9 ;756.4 ;26415.9 ;119379.7 ;26107.7 ;308802.7 ;4386.1 ;8754.4 ;13375.1 ;229044.3 ;1333.3 ;3986.6 ;1035.8 ; ; ; ;87129.7 ;29180.7 ;28317.4 ;22918.8 ;7329.5 ;7999.3 ;50888.3 ;4180.9 ;3767.2 ; ;257135.1 
01/10/95;46716.3 ;55358.7 ;4339.6 ;69392.5 ;1901.4 ;11958.0 ;498107.9 ;36091.4 ;813.1 ;26457.2 ;121681.3 ;26287.3 ;310308.7 ;4546.6 ;8934.4 ;13409.2 ;235285.8 ;1400.3 ;4195.7 ;1044.5 ; ; ; ;88064.3 ;29608.1 ;27294.6 ;23078.1 ;6913.7 ;5037.2 ;55097.8 ;4142.7 ;3889.5 ; ;256787.7 
01/01/96;46560.5 ;55226.4 ;3757.2 ;68895.2 ;1936.8 ;12696.5 ;490317.4 ;36198.6 ;861.6 ;27049.4 ;124839.6 ;25627.3 ;314747.7 ;4593.1 ;9058.6 ;14141.5 ;247179.3 ;1512.7 ;4276.1 ;1094.9 ; ; ; ;87910.6 ;30982.6 ;30635.6 ;23451.1 ;6507.8 ;3884.7 ;56361.4 ;4045.7 ;4084.8 ; ;261944.1 
01/04/96;46564.0 ;54793.3 ;2562.1 ;67757.9 ;1960.9 ;13031.0 ;491641.4 ;36896.9 ;915.1 ;28389.0 ;126127.8 ;25404.6 ;316414.6 ;4697.8 ;9140.0 ;14726.5 ;259037.7 ;1598.9 ;3785.8 ;1155.3 ; ; ; ;88182.6 ;31240.0 ;31478.8 ;23786.3 ;6938.3 ;4487.1 ;57277.3 ;4154.8 ;4219.6 ; ;273222.2 
01/07/96;46960.3 ;55030.7 ;2299.8 ;67167.8 ;1976.6 ;13520.3 ;494498.4 ;37432.2 ;982.1 ;29285.0 ;127500.5 ;26229.2 ;317612.3 ;4919.9 ;9180.7 ;14935.5 ;262507.9 ;1707.3 ;4416.3 ;1194.0 ; ; ; ;89441.6 ;32552.0 ;31656.6 ;24565.2 ;7590.5 ;4959.3 ;58299.5 ;4360.3 ;4319.8 ; ;279712.1 
01/10/96;46741.0 ;54919.0 ;2244.4 ;64940.6 ;2016.3 ;13793.5 ;492513.2 ;37304.6 ;1004.4 ;30019.2 ;127906.1 ;26869.8 ;316515.2 ;5014.4 ;9379.0 ;15913.7 ;265431.3 ;1781.2 ;3985.1 ;1245.1 ; ; ; ;89382.3 ;33601.5 ;32230.0 ;24824.6 ;7691.9 ;5184.0 ;57957.3 ;4364.6 ;4429.2 ; ;301587.8 
01/01/97;46620.3 ;54789.8 ;1188.4 ;62739.1 ;2045.6 ;14379.9 ;485334.6 ;37835.6 ;1040.1 ;30643.9 ;127382.2 ;27166.3 ;315667.3 ;5117.4 ;10227.0 ;17159.1 ;268465.2 ;2026.7 ;4243.4 ;1319.5 ; ; ; ;89978.5 ;35412.2 ;34393.8 ;25513.6 ;6489.7 ;5255.7 ;57639.9 ;4426.0 ;4615.5 ; ;323971.3 
01/04/97;46631.0 ;55614.6 ;2194.1 ;64321.7 ;2077.1 ;13617.9 ;488238.7 ;38304.2 ;1115.3 ;30971.6 ;128412.8 ;27428.5 ;319234.4 ;5256.4 ;10371.3 ;17870.8 ;271776.2 ;2159.4 ;4292.0 ;1405.9 ; ; ; ;91358.5 ;35165.5 ;35213.0 ;25703.1 ;6974.4 ;5669.8 ;57779.4 ;4597.5 ;4784.2 ; ;336947.0 
01/07/97;47031.3 ;55995.3 ;3320.9 ;66218.9 ;2126.6 ;13368.5 ;489072.3 ;38246.3 ;1173.7 ;31853.7 ;130409.5 ;28331.7 ;320473.5 ;5378.8 ;10565.7 ;18867.7 ;276817.8 ;2344.2 ;4413.7 ;1503.6 ; ; ; ;92334.2 ;35242.0 ;35280.0 ;25968.8 ;8454.9 ;6174.8 ;59955.6 ;4630.0 ;4966.7 ; ;360743.2 
01/10/97;47653.0 ;56645.2 ;3231.6 ;67380.2 ;2164.7 ;13531.3 ;492564.7 ;38777.9 ;1219.6 ;32700.2 ;134642.1 ;29101.8 ;327180.7 ;5574.8 ;10586.3 ;19167.5 ;280267.3 ;2396.6 ;4315.7 ;1535.0 ; ; ; ;94459.8 ;36546.9 ;35204.1 ;26136.1 ;8866.8 ;6243.4 ;61553.1 ;4658.1 ;4965.2 ; ;353766.3 
01/01/98;48002.2 ;56928.8 ;2823.4 ;68302.7 ;2214.3 ;13950.2 ;496412.0 ;38948.4 ;1257.6 ;32407.7 ;133482.4 ;29101.4 ;330386.3 ;5766.6 ;11000.4 ;18963.3 ;279366.7 ;2546.8 ;4254.1 ;1617.5 ; ; ; ;95761.2 ;34830.8 ;37954.7 ;26711.1 ;8936.2 ;6803.2 ;60731.4 ;4749.2 ;5077.2 ;63989.3 ;368405.7 
01/04/98;48509.4 ;57506.6 ;2993.8 ;67319.4 ;2267.0 ;14787.6 ;497263.9 ;38870.3 ;1255.0 ;31052.0 ;136644.9 ;29729.8 ;334483.0 ;5745.4 ;10914.4 ;19901.7 ;283129.9 ;2547.3 ;4439.1 ;1610.9 ; ; ; ;96984.1 ;35189.0 ;39297.2 ;27375.6 ;9322.8 ;4133.2 ;62472.9 ;4875.1 ;5195.2 ;60832.9 ;370963.2 
01/07/98;48992.2 ;58071.6 ;3739.0 ;67260.2 ;2320.3 ;15491.0 ;501317.2 ;39893.5 ;1275.7 ;32361.2 ;139253.9 ;30267.5 ;337289.4 ;5771.7 ;10810.4 ;20987.0 ;284222.5 ;2538.1 ;4533.5 ;1601.7 ; ; ; ;98556.5 ;34234.6 ;38701.8 ;28010.3 ;9672.4 ;4236.1 ;60178.2 ;4987.3 ;5178.3 ;61877.6 ;370087.4 
01/10/98;49472.5 ;58497.9 ;3886.5 ;68638.6 ;2351.1 ;15562.0 ;503725.0 ;40430.4 ;1281.3 ;33099.4 ;143961.4 ;30633.3 ;341464.7 ;5710.6 ;10746.3 ;20882.8 ;286998.4 ;2403.6 ;4775.6 ;1577.5 ; ; ; ;100348.5 ;33396.9 ;38274.0 ;28587.0 ;8940.7 ;4393.4 ;58601.2 ;5110.5 ;4918.2 ;59546.2 ;365688.6 
01/01/99;50291.1 ;59146.0 ;2594.5 ;68811.7 ;2337.1 ;14716.2 ;509667.0 ;40878.7 ;1298.9 ;34444.2 ;144949.0 ;31241.0 ;344104.0 ;5573.0 ;10877.8 ;21763.7 ;288826.4 ;2423.9 ;4859.9 ;1643.7 ; ; ; ;102157.5 ;34278.3 ;37506.7 ;29320.1 ;7950.4 ;4698.8 ;61838.3 ;5221.8 ;4854.9 ;57841.9 ;375618.5 
01/04/99;50450.1 ;59976.0 ;2830.0 ;69227.4 ;2388.4 ;14823.2 ;510728.0 ;41316.9 ;1338.1 ;34858.0 ;147105.0 ;31491.0 ;347389.0 ;5543.0 ;11360.7 ;22263.9 ;290595.6 ;2641.8 ;5082.7 ;1723.6 ; ; ; ;103719.7 ;36867.4 ;39209.0 ;29687.2 ;8111.9 ;3863.9 ;62897.8 ;5260.5 ;4721.3 ;59980.2 ;390062.9 
01/07/99;51219.6 ;60992.0 ;3653.2 ;69989.2 ;2515.7 ;15513.9 ;515634.0 ;41927.3 ;1367.1 ;35104.5 ;149860.0 ;31890.0 ;351728.0 ;5531.5 ;11689.9 ;23875.3 ;294188.1 ;2602.2 ;5257.9 ;1783.7 ; ; ; ;105632.2 ;39483.7 ;40844.3 ;30017.2 ;8411.5 ;4885.7 ;64977.3 ;5234.9 ;4875.5 ;60227.2 ;397358.5 
01/10/99;51501.6 ;62190.0 ;3726.7 ;71878.5 ;2598.9 ;15876.1 ;518659.0 ;42848.8 ;1401.5 ;35612.8 ;153809.0 ;32294.0 ;356557.0 ;5594.6 ;12103.1 ;24894.0 ;300117.9 ;2627.3 ;5341.1 ;1892.6 ; ; ; ;107925.0 ;41736.7 ;41198.7 ;30578.8 ;8825.5 ;5668.5 ;67173.8 ;5398.7 ;5075.8 ;61742.7 ;416369.1 
01/01/00;52888.1 ;62983.0 ;3420.9 ;72359.2 ;2631.3 ;16213.0 ;524447.0 ;43541.5 ;1472.6 ;35440.1 ;157400.0 ;33098.0 ;362507.0 ;5661.7 ;12280.8 ;25604.8 ;304165.2 ;2889.1 ;5648.7 ;1999.8 ; ;976.8 ;1059.4 ;109902.4 ;44419.7 ;44663.3 ;31471.2 ;9507.2 ;7014.5 ;68815.1 ;5359.3 ;5418.9 ;68470.1 ;440633.4 
01/04/00;52886.5 ;63738.0 ;3485.9 ;74953.4 ;2763.8 ;16322.8 ;527770.0 ;44212.5 ;1514.3 ;35708.8 ;160232.0 ;33675.0 ;367704.0 ;5809.6 ;12524.4 ;26548.6 ;309195.6 ;3063.1 ;5652.9 ;2136.2 ; ;1035.0 ;1103.9 ;111926.1 ;44936.9 ;45423.1 ;31670.3 ;9985.8 ;8318.8 ;72800.0 ;5419.4 ;5552.1 ;72696.5 ;448128.1 
01/07/00;53438.6 ;64326.0 ;3654.3 ;76950.6 ;2672.6 ;17043.6 ;529151.0 ;44565.4 ;1543.6 ;36058.4 ;163227.0 ;34473.0 ;372208.0 ;6053.9 ;13094.4 ;27550.6 ;311720.7 ;3159.0 ;5852.1 ;2233.3 ; ;1045.9 ;1096.3 ;114094.0 ;47308.6 ;47596.7 ;32442.3 ;10140.3 ;9729.7 ;72689.6 ;5509.7 ;5669.8 ;76169.9 ;449684.1 
01/10/00;54561.6 ;65344.0 ;3797.1 ;79458.8 ;2737.3 ;17517.6 ;527676.0 ;45696.5 ;1638.6 ;36166.7 ;166992.0 ;35196.0 ;377018.0 ;6131.4 ;13316.0 ;28420.4 ;318195.8 ;3384.3 ;5825.2 ;2277.9 ; ;1030.9 ;1154.7 ;116258.6 ;49133.2 ;49027.1 ;32830.7 ;10519.7 ;5249.7 ;70915.4 ;5577.3 ;5741.9 ;80564.2 ;460050.6 
01/01/01;54636.6 ;65256.0 ;3820.8 ;78921.7 ;2786.0 ;18026.5 ;541533.0 ;45221.8 ;1660.3 ;37255.2 ;170735.0 ;35898.0 ;380719.0 ;6137.3 ;13740.4 ;30110.4 ;322663.4 ;3280.9 ;5872.9 ;2213.0 ; ;1060.8 ;1114.0 ;119032.5 ;47783.9 ;51004.9 ;33102.6 ;10378.1 ;3121.5 ;68441.2 ;5678.9 ;5752.7 ;68649.9 ;440891.6 
01/04/01;54854.9 ;66230.0 ;3904.9 ;79443.4 ;2891.6 ;18582.9 ;541320.0 ;45766.6 ;1725.8 ;37630.6 ;173291.0 ;36108.0 ;383521.0 ;6561.0 ;15004.9 ;30173.6 ;324748.4 ;3488.7 ;5858.8 ;2358.0 ; ;1026.2 ;1136.1 ;119959.5 ;49867.6 ;56054.5 ;33717.5 ;11318.4 ;3491.9 ;68653.4 ;5760.8 ;5972.5 ;57033.7 ;464057.5 
01/07/01;55095.5 ;66316.0 ;4038.8 ;80680.0 ;2966.3 ;19192.1 ;544198.0 ;46361.6 ;1760.3 ;38558.3 ;176927.0 ;36365.0 ;386404.0 ;6559.5 ;15642.3 ;30771.2 ;326864.2 ;3424.2 ;5932.2 ;2360.0 ; ;1011.1 ;1162.5 ;120880.6 ;48799.9 ;52352.6 ;34040.7 ;11321.3 ;3824.9 ;66436.6 ;5878.7 ;6037.8 ;52655.5 ;461506.3 
01/10/01;55975.4 ;66532.0 ;4104.2 ;82258.7 ;2959.7 ;19993.5 ;548168.0 ;46697.8 ;1838.7 ;38963.2 ;180040.0 ;36257.0 ;388662.0 ;6704.7 ;15693.6 ;30843.2 ;329434.6 ;3479.3 ;6206.9 ;2435.9 ; ;1044.7 ;1154.9 ;122139.0 ;48186.7 ;54069.5 ;34914.3 ;11595.9 ;4058.1 ;67273.9 ;6016.4 ;6149.5 ;51637.3 ;464659.4 
01/01/02;55869.7 ;67280.0 ;4241.5 ;81991.5 ;2955.4 ;20879.7 ;546237.0 ;47051.9 ;1857.3 ;39645.7 ;182753.0 ;36722.0 ;392602.0 ;6893.0 ;17432.6 ;32938.2 ;332976.1 ;3635.8 ;6194.1 ;2509.4 ; ;1051.6 ;1201.0 ;123571.4 ;48634.0 ;55819.2 ;35331.9 ;11956.1 ;4144.9 ;69563.3 ;6179.4 ;6426.8 ;66448.1 ;474044.7 
01/04/02;56560.7 ;68026.0 ;4322.0 ;82368.8 ;2987.3 ;22176.2 ;546719.0 ;47199.0 ;1947.3 ;40697.0 ;186170.0 ;37164.0 ;395622.0 ;7105.6 ;17564.5 ;33238.3 ;336066.1 ;3794.8 ;6336.3 ;2532.6 ; ;1040.9 ;1192.1 ;124873.7 ;52251.4 ;54306.3 ;35558.7 ;12076.9 ;4386.3 ;70956.8 ;6197.4 ;6427.3 ;66181.1 ;468518.6 
01/07/02;57134.8 ;68680.0 ;4399.0 ;82927.7 ;3016.2 ;22317.7 ;554392.0 ;47739.2 ;1980.5 ;41123.6 ;188931.0 ;37042.0 ;399198.0 ;7329.5 ;17950.1 ;34740.0 ;339563.6 ;3842.5 ;6287.5 ;2528.4 ; ;1066.8 ;1172.2 ;126182.6 ;52913.3 ;50054.3 ;35776.5 ;11831.9 ;4707.3 ;70903.8 ;6273.4 ;6517.7 ;57992.4 ;470235.9 
01/10/02;57265.4 ;69267.0 ;4489.4 ;82672.6 ;3124.2 ;21971.8 ;554247.0 ;47803.9 ;2037.5 ;42282.7 ;191698.0 ;37558.0 ;401239.0 ;7404.6 ;18826.7 ;34996.4 ;341159.0 ;3885.1 ;6179.6 ;2599.8 ; ;1072.3 ;1176.4 ;126600.7 ;54021.8 ;51293.5 ;35887.1 ;12374.5 ;4856.1 ;72469.7 ;6372.7 ;6986.6 ;63096.7 ;476392.4 
01/01/03;57772.4 ;69338.0 ;4510.4 ;82491.6 ;3140.1 ;21936.0 ;549071.0 ;48055.1 ;2105.6 ;43292.5 ;195380.0 ;37380.0 ;403277.0 ;7450.9 ;18632.7 ;35180.2 ;343917.9 ;4092.3 ;6343.1 ;2568.2 ; ;1101.1 ;1192.9 ;127464.6 ;53109.0 ;49194.0 ;36039.5 ;12040.8 ;4846.3 ;73267.8 ;6447.0 ;7149.8 ;61883.4 ;458580.4 
01/04/03;57768.2 ;69948.0 ;4612.6 ;80035.8 ;3154.6 ;22384.2 ;550185.0 ;47844.7 ;2171.5 ;44168.4 ;199288.0 ;37780.0 ;404609.0 ;7713.1 ;18633.9 ;35670.2 ;347018.1 ;4097.0 ;6468.5 ;2574.9 ; ;1097.3 ;1201.0 ;127564.5 ;49780.8 ;48397.2 ;36326.5 ;12275.8 ;4980.0 ;73008.7 ;6508.4 ;7501.6 ;66914.2 ;442622.8 
01/07/03;58080.4 ;70519.0 ;4759.1 ;79378.2 ;3235.0 ;21986.3 ;557133.0 ;48303.9 ;2200.4 ;45387.4 ;202014.0 ;38134.0 ;409674.0 ;7912.2 ;18628.3 ;36423.0 ;351714.3 ;4180.5 ;6592.8 ;2678.6 ; ;1095.8 ;1210.1 ;128404.0 ;49581.7 ;48226.2 ;36611.0 ;13161.6 ;5029.7 ;74369.7 ;6605.7 ;7562.6 ;76794.9 ;452971.2 
01/10/03;58434.0 ;71391.0 ;4878.4 ;79950.8 ;3341.4 ;22341.5 ;558478.0 ;49150.8 ;2269.0 ;46295.0 ;205584.0 ;38455.0 ;414341.0 ;7888.7 ;19557.0 ;38275.9 ;352722.5 ;4274.9 ;6814.5 ;2700.0 ; ;1076.9 ;1216.8 ;129623.9 ;50083.9 ;46941.6 ;37090.8 ;13044.3 ;5008.9 ;76244.9 ;6666.1 ;7912.6 ;73638.7 ;461580.1 
01/01/04;59434.6 ;72888.0 ;5082.8 ;79615.4 ;3361.8 ;22690.0 ;560038.0 ;49850.8 ;2408.8 ;47715.5 ;209190.0 ;39032.0 ;419711.0 ;8078.2 ;19981.3 ;38019.9 ;356975.2 ;4321.4 ;6883.7 ;2768.4 ; ;1095.0 ;1227.9 ;130432.5 ;49584.1 ;47275.0 ;37366.9 ;13503.6 ;5051.5 ;75900.1 ;6737.7 ;8309.1 ;81348.6 ;474939.3 
01/04/04;59906.9 ;73661.0 ;5190.5 ;82034.4 ;3415.8 ;23500.0 ;566012.0 ;50164.7 ;2338.0 ;48261.5 ;212367.0 ;39412.0 ;423639.0 ;8418.0 ;21022.1 ;38918.7 ;363120.4 ;4481.0 ;6947.4 ;2909.8 ; ;1089.6 ;1196.4 ;131885.9 ;53177.4 ;48973.9 ;37984.7 ;14445.9 ;5162.2 ;76788.0 ;6791.1 ;8511.7 ;80569.9 ;493273.3 
01/07/04;60832.8 ;74769.0 ;5346.5 ;81875.7 ;3543.1 ;24513.5 ;564987.0 ;50715.4 ;2488.4 ;49377.3 ;216525.0 ;39813.0 ;426215.0 ;8607.7 ;21277.8 ;39046.3 ;363086.3 ;4594.9 ;7278.0 ;2999.6 ; ;1137.5 ;1230.0 ;132764.7 ;53640.0 ;52958.4 ;38191.0 ;15248.2 ;5280.3 ;77778.9 ;6925.2 ;8802.9 ;82406.0 ;492131.3 
01/10/04;61679.9 ;75495.0 ;5432.9 ;82767.4 ;3618.3 ;25726.9 ;563984.0 ;51691.6 ;2544.8 ;48587.0 ;221355.0 ;40501.0 ;431725.0 ;8649.9 ;21648.3 ;40258.0 ;366946.3 ;4786.5 ;7078.0 ;3030.5 ; ;1225.9 ;1255.0 ;133895.2 ;56499.9 ;57182.7 ;38705.8 ;16600.6 ;5403.0 ;79231.6 ;7011.9 ;9141.9 ;83705.6 ;481588.9 
01/01/05;62276.1 ;76092.0 ;5739.2 ;82639.7 ;3634.4 ;26835.9 ;565253.0 ;52056.7 ;2648.6 ;48858.8 ;224814.0 ;41013.0 ;435033.0 ;8626.0 ;21949.8 ;41493.4 ;367224.8 ;4920.2 ;7069.3 ;3104.7 ; ;1166.5 ;1231.7 ;134841.1 ;57256.3 ;60142.9 ;38950.8 ;18374.1 ;5240.3 ;79052.7 ;7061.2 ;9587.9 ;92785.8 ;487191.8 
01/04/05;63154.0 ;77013.0 ;5912.2 ;84028.6 ;3707.6 ;26937.8 ;568562.0 ;53070.6 ;2783.7 ;49551.1 ;229433.0 ;40730.0 ;438424.0 ;9201.8 ;22473.7 ;42273.7 ;370979.8 ;5151.9 ;7305.2 ;3289.0 ; ;1253.3 ;1292.6 ;136587.9 ;60760.7 ;59807.6 ;39566.5 ;18808.8 ;5439.7 ;78629.9 ;7241.2 ;9665.1 ;96890.0 ;511352.0 
01/07/05;63873.9 ;77813.0 ;6056.8 ;84789.7 ;3812.3 ;27666.1 ;573650.0 ;53577.3 ;2892.7 ;50262.1 ;233904.0 ;41237.0 ;441948.0 ;9370.3 ;23357.5 ;42758.4 ;374902.6 ;5359.0 ;7692.5 ;3537.8 ; ;1278.0 ;1303.5 ;138671.4 ;64208.4 ;62251.4 ;39746.0 ;20660.7 ;5657.8 ;78782.0 ;7303.1 ;9940.8 ;105102.0 ;511705.5 
01/10/05;64571.2 ;79127.0 ;6270.1 ;86432.5 ;3885.9 ;28787.3 ;577243.0 ;54126.6 ;3007.3 ;50822.5 ;239206.0 ;41707.0 ;448557.0 ;9564.6 ;23322.1 ;43905.8 ;381024.4 ;5548.2 ;8216.1 ;3834.6 ; ;1318.9 ;1325.6 ;140509.7 ;66191.9 ;64088.1 ;40289.4 ;20974.1 ;5791.9 ;78839.7 ;7474.6 ;10214.2 ;111617.5 ;527103.1 
01/01/06;65748.3 ;80033.0 ;6376.6 ;87252.6 ;3942.3 ;29841.5 ;581839.0 ;55225.8 ;3174.6 ;53642.7 ;243627.0 ;42436.0 ;453848.0 ;9774.9 ;23010.7 ;45347.3 ;380807.4 ;5613.5 ;8353.6 ;3831.3 ;487.3 ;1334.0 ;1311.5 ;143090.4 ;67601.4 ;67133.9 ;40650.6 ;22431.7 ;5828.8 ;81335.9 ;7568.4 ;10768.0 ;114630.0 ;526949.4 
01/04/06;66305.8 ;80494.0 ;6677.1 ;88261.4 ;4039.0 ;30761.2 ;594338.0 ;56978.9 ;3285.1 ;54117.9 ;249021.0 ;42785.0 ;460522.0 ;10080.2 ;22708.5 ;45772.5 ;386545.5 ;5833.0 ;8434.7 ;4156.7 ;548.9 ;1387.0 ;1355.8 ;145172.7 ;70585.3 ;66467.6 ;41368.3 ;23807.5 ;6162.0 ;83528.2 ;7783.2 ;11121.9 ;107000.3 ;532743.0 
01/07/06;67440.0 ;81649.0 ;6998.3 ;88858.2 ;4093.8 ;31589.5 ;599019.0 ;56885.2 ;3471.0 ;54701.0 ;253409.0 ;43523.0 ;463953.0 ;10251.3 ;22573.3 ;46571.6 ;390349.0 ;6224.7 ;8566.7 ;4491.6 ;548.7 ;1377.9 ;1366.1 ;146961.3 ;69310.5 ;68474.3 ;41737.8 ;24488.6 ;6661.1 ;85219.4 ;7981.3 ;11368.3 ;106483.4 ;543666.2 
01/10/06;68399.2 ;82987.0 ;7246.5 ;89399.1 ;4188.0 ;32505.0 ;610361.0 ;56442.6 ;3620.7 ;55614.9 ;257766.0 ;44153.0 ;471144.0 ;10385.4 ;23896.6 ;46997.5 ;396862.9 ;6390.6 ;8819.5 ;4856.2 ;572.1 ;1374.4 ;1373.3 ;149438.1 ;67967.6 ;72185.0 ;42503.7 ;26008.7 ;7207.1 ;87318.4 ;8234.7 ;12392.0 ;112248.9 ;554300.7 
01/01/07;69530.9 ;84906.0 ;7785.6 ;89540.1 ;4277.8 ;33748.5 ;616009.0 ;57651.7 ;3918.4 ;56799.4 ;263773.0 ;45395.0 ;476907.0 ;10726.6 ;25171.1 ;49722.3 ;397759.2 ;6766.8 ;9209.3 ;5200.1 ;613.4 ;1464.4 ;1423.8 ;152522.7 ;69256.7 ;73414.5 ;43257.6 ;28941.1 ;7482.0 ;88663.9 ;8489.2 ;13270.1 ;116139.7 ;564588.0 
01/04/07;70635.8 ;85519.0 ;7816.8 ;89489.5 ;4343.8 ;33717.0 ;623270.0 ;57612.6 ;4021.3 ;58230.8 ;267333.0 ;46465.0 ;483482.0 ;10953.5 ;25556.6 ;49517.8 ;400523.1 ;7075.8 ;9529.4 ;5591.5 ;637.1 ;1487.5 ;1443.2 ;153297.6 ;71154.3 ;77116.8 ;43601.3 ;31406.7 ;7586.8 ;89094.1 ;8692.4 ;13846.4 ;120368.8 ;564784.9 
01/07/07;71239.3 ;86220.0 ;8207.3 ;90663.9 ;4427.2 ;34956.4 ;628499.0 ;58379.8 ;4150.3 ;58596.2 ;269354.0 ;47082.0 ;488750.0 ;11197.2 ;25773.4 ;48307.4 ;405171.7 ;7463.1 ;9420.0 ;5889.0 ;707.3 ;1557.1 ;1463.5 ;155430.2 ;74022.7 ;78937.6 ;43893.4 ;32979.6 ;7935.9 ;89633.5 ;8964.2 ;14373.0 ;126338.4 ;572728.3 
01/10/07;72439.0 ;86970.0 ;8537.0 ;91168.2 ;4541.1 ;36725.5 ;634954.0 ;59736.0 ;4284.9 ;59326.8 ;275079.0 ;48130.0 ;493442.0 ;11319.6 ;25951.2 ;49284.9 ;411022.4 ;7711.9 ;9483.7 ;6092.4 ;709.5 ;1569.0 ;1461.2 ;158003.4 ;78496.5 ;84432.7 ;44731.1 ;33207.6 ;8474.6 ;91804.3 ;9067.8 ;14872.8 ;134700.5 ;557520.3 
01/01/08;73041.2 ;87979.0 ;8937.9 ;95850.9 ;4658.9 ;39077.5 ;638587.0 ;60472.3 ;4151.0 ;60579.8 ;277657.0 ;48490.0 ;499059.0 ;11798.9 ;26693.9 ;48026.7 ;413320.2 ;8037.5 ;10058.4 ;6251.1 ;711.3 ;1634.5 ;1509.6 ;160789.3 ;79924.5 ;88006.7 ;44843.1 ;34388.7 ;8530.4 ;90676.7 ;9279.8 ;15404.1 ;136831.5 ;529324.4 
01/04/08;74018.7 ;88597.0 ;9207.2 ;96134.0 ;4751.2 ;40882.2 ;639049.0 ;60317.4 ;4309.4 ;60395.3 ;278983.0 ;48620.0 ;499959.0 ;12079.0 ;27643.5 ;47232.6 ;414458.4 ;8286.7 ;10063.9 ;6240.6 ;790.9 ;1653.7 ;1535.2 ;161441.9 ;82734.1 ;93667.6 ;44898.3 ;36202.2 ;8979.6 ;91266.7 ;9517.8 ;16450.2 ;128829.8 ;503134.2 
01/07/08;74022.0 ;88569.0 ;9501.7 ;96797.7 ;4807.6 ;42594.1 ;636293.0 ;61100.7 ;4186.5 ;60731.4 ;277456.0 ;49155.0 ;498850.0 ;12322.3 ;28482.2 ;46951.5 ;409352.9 ;8254.7 ;10091.5 ;6140.1 ;776.8 ;1703.6 ;1565.5 ;162922.3 ;83000.7 ;97734.7 ;44792.0 ;38420.5 ;9489.3 ;90764.3 ;9623.7 ;17167.2 ;138438.6 ;499582.4 
01/10/08;72553.6 ;86588.0 ;9469.4 ;100334.0 ;4791.9 ;39377.5 ;628862.0 ;59724.9 ;3961.9 ;59891.7 ;275445.0 ;48000.0 ;493051.0 ;12032.8 ;25653.6 ;45057.8 ;400145.9 ;8014.3 ;9792.4 ;5943.0 ;811.8 ;1762.0 ;1595.2 ;162086.4 ;72340.6 ;87000.2 ;44569.4 ;36237.1 ;8727.3 ;82524.3 ;9459.0 ;17133.6 ;123148.3 ;467741.7 
01/01/09;71643.9 ;85565.0 ;9339.8 ;100517.6 ;4631.6 ;36180.6 ;603612.0 ;58178.7 ;3685.7 ;58643.2 ;269199.0 ;45732.0 ;484412.0 ;11166.6 ;22535.1 ;43039.9 ;393384.1 ;7046.2 ;9531.1 ;5056.5 ;738.4 ;1674.3 ;1529.6 ;157701.6 ;66448.2 ;74760.4 ;43347.7 ;30298.6 ;8008.9 ;75901.6 ;9093.9 ;15695.6 ;110391.7 ;423029.8 
01/04/09;71456.9 ;85667.0 ;9510.5 ;99546.5 ;4661.8 ;36974.5 ;606851.0 ;56912.9 ;3530.8 ;60078.6 ;267165.0 ;45205.0 ;482379.0 ;11386.2 ;23120.5 ;43117.5 ;392225.9 ;6823.1 ;9581.0 ;4860.0 ;717.1 ;1691.6 ;1550.5 ;154860.4 ;68413.1 ;76041.5 ;43686.1 ;31488.8 ;8102.1 ;77338.6 ;9004.0 ;15855.5 ;115473.1 ;438786.8 
01/07/09;72191.5 ;87355.0 ;9205.2 ;100249.0 ;4648.7 ;38320.7 ;613450.0 ;57836.1 ;3428.3 ;59149.9 ;266711.0 ;45480.0 ;482372.0 ;11297.0 ;24216.3 ;42054.9 ;394241.8 ;6554.7 ;9896.5 ;4510.1 ;761.0 ;1684.1 ;1568.1 ;155862.5 ;70294.2 ;82147.5 ;44011.5 ;31006.8 ;8240.3 ;80161.7 ;9031.0 ;16097.9 ;118892.1 ;447190.8 
01/10/09;72665.0 ;87886.0 ;9367.3 ;101866.2 ;4733.3 ;38193.7 ;619613.0 ;58348.2 ;3503.5 ;59942.7 ;266248.0 ;45330.0 ;487663.0 ;11498.5 ;24820.6 ;41475.2 ;396363.4 ;6479.5 ;10034.3 ;4524.2 ;772.1 ;1727.8 ;1611.4 ;156404.1 ;73390.2 ;83764.2 ;44371.1 ;31854.7 ;8179.9 ;81362.7 ;9028.3 ;16446.6 ;120459.3 ;429558.0 
01/01/10;72392.6 ;88736.0 ;9042.7 ;105963.3 ;4788.4 ;38083.5 ;624949.0 ;59686.6 ;3523.6 ;58447.5 ;268031.0 ;45618.0 ;491262.0 ;11368.2 ;25006.0 ;41526.8 ;396968.4 ;6821.6 ;10274.5 ;4436.8 ;802.5 ;1770.4 ;1673.2 ;157187.6 ;78845.0 ;87849.9 ;44685.7 ;31435.8 ;7842.6 ;87181.7 ;8909.9 ;16744.6 ;131311.5 ;444882.8 
01/04/10;73468.0 ;90676.0 ;9414.7 ;111327.2 ;4828.4 ;39061.8 ;635422.0 ;60444.5 ;3591.5 ;56774.4 ;267355.0 ;47016.0 ;495785.0 ;11347.6 ;24830.9 ;41737.6 ;401222.9 ;6876.9 ;10666.8 ;4421.8 ;749.7 ;1758.1 ;1675.1 ;159589.9 ;81004.0 ;89408.3 ;44736.9 ;31563.4 ;7854.0 ;91519.7 ;9077.6 ;16998.1 ;146164.3 ;471131.8 
01/07/10;74198.5 ;91452.0 ;9574.1 ;118416.2 ;4881.1 ;40286.1 ;645696.0 ;61401.9 ;3752.1 ;55316.4 ;267959.0 ;47029.0 ;501181.0 ;11545.3 ;24575.8 ;42046.7 ;403727.7 ;7078.2 ;10648.0 ;4471.4 ;745.5 ;1812.9 ;1719.6 ;160551.2 ;80530.3 ;91035.1 ;45118.1 ;31227.8 ;7895.5 ;95941.0 ;9088.9 ;17308.7 ;151680.6 ;484305.9 
01/10/10;75369.7 ;92276.0 ;10131.7 ;120336.5 ;4912.0 ;40311.9 ;652519.0 ;61634.5 ;3868.4 ;54455.9 ;269364.0 ;48480.0 ;505334.0 ;11271.8 ;25441.9 ;41994.4 ;407670.5 ;7251.4 ;10800.6 ;4574.2 ;842.5 ;1775.8 ;1746.4 ;161516.2 ;83117.3 ;93356.9 ;45070.1 ;31105.2 ;7960.2 ;99712.3 ;9140.4 ;17440.8 ;156347.8 ;472528.6 
01/01/11;76859.0 ;93181.0 ;10504.3 ;124087.0 ;4937.2 ;41165.5 ;665181.0 ;61899.4 ;4015.0 ;52768.3 ;267991.0 ;48989.0 ;511130.0 ;11276.7 ;25691.3 ;42709.4 ;412092.3 ;7574.6 ;11004.1 ;4683.8 ;799.0 ;1856.8 ;1718.0 ;162185.8 ;86817.8 ;96569.8 ;44693.2 ;33141.9 ;8541.0 ;103992.8 ;9302.3 ;17576.8 ;153067.0 ;485140.4 
01/04/11;77209.9 ;93686.0 ;10551.8 ;128405.6 ;4996.7 ;41597.1 ;668229.0 ;62034.6 ;4132.4 ;51656.0 ;267784.0 ;49352.0 ;512541.0 ;11452.9 ;26536.2 ;43364.7 ;412963.7 ;7798.4 ;11066.3 ;4838.4 ;803.5 ;1895.7 ;1708.7 ;162135.2 ;88703.4 ;97640.1 ;44238.4 ;33277.4 ;9043.4 ;102970.6 ;9260.8 ;17819.8 ;152292.4 ;466455.6 
01/07/11;78045.3 ;94199.0 ;10462.0 ;137368.7 ;4919.0 ;41769.2 ;676798.0 ;61588.2 ;4244.6 ;50687.1 ;265547.0 ;49702.0 ;515527.0 ;11355.2 ;26087.1 ;43084.3 ;413013.1 ;7940.5 ;11100.9 ;4955.9 ;818.7 ;1870.3 ;1731.4 ;163056.0 ;90686.7 ;94825.3 ;44010.8 ;33092.0 ;8860.9 ;103211.2 ;9238.6 ;17926.3 ;146059.0 ;472725.6 
01/10/11;77971.2 ;94902.0 ;10003.4 ;130508.5 ;4950.1 ;40517.2 ;679205.0 ;62355.7 ;4281.3 ;49000.6 ;262441.0 ;49955.0 ;518223.0 ;11262.3 ;24069.6 ;42537.6 ;411251.7 ;8012.7 ;11130.7 ;5129.0 ;837.0 ;1917.7 ;1768.6 ;162706.0 ;92131.3 ;90681.1 ;43153.8 ;32317.5 ;8955.8 ;102215.5 ;9256.6 ;18154.2 ;150338.8 ;489082.8 
01/01/12;79420.0 ;96235.0 ;10341.5 ;133980.7 ;4930.1 ;40732.2 ;680685.0 ;63029.8 ;4356.4 ;48288.7 ;261538.0 ;50380.0 ;520154.0 ;11051.0 ;24282.3 ;43896.4 ;408148.3 ;8184.5 ;11334.3 ;5376.8 ;769.7 ;1867.8 ;1798.6 ;162806.9 ;98512.2 ;95175.9 ;42750.5 ;32930.2 ;8421.2 ;105233.8 ;9211.5 ;18234.7 ;159570.6 ;505041.5 
01/04/12;79489.1 ;96348.0 ;10643.8 ;134702.3 ;4880.9 ;40431.0 ;683655.0 ;63683.8 ;4458.1 ;47506.8 ;258877.0 ;50085.0 ;521375.0 ;11067.8 ;24445.7 ;43967.4 ;406654.0 ;8237.5 ;11437.3 ;5454.0 ;790.5 ;1861.2 ;1826.3 ;163256.9 ;98124.4 ;95340.0 ;41964.4 ;33414.3 ;8306.6 ;105635.4 ;9080.3 ;18305.1 ;168624.7 ;523095.6 
01/07/12;79710.6 ;96599.0 ;10607.6 ;135066.8 ;4843.0 ;40743.2 ;690408.0 ;63997.8 ;4532.3 ;46626.1 ;257492.0 ;50195.0 ;523680.0 ;11219.6 ;25753.2 ;43709.9 ;405392.4 ;8408.1 ;11690.9 ;5557.6 ;801.3 ;1939.8 ;1858.2 ;162798.0 ;99024.2 ;98428.5 ;41881.5 ;32871.0 ;8227.0 ;111285.9 ;9066.4 ;18404.8 ;177301.6 ;546566.8 
01/10/12;80126.0 ;96992.0 ;10588.6 ;134900.0 ;4786.6 ;40623.9 ;691596.0 ;63867.2 ;4568.5 ;46153.9 ;253192.0 ;50377.0 ;523842.0 ;11136.3 ;25850.5 ;43507.5 ;404169.7 ;8530.5 ;12005.4 ;5646.5 ;809.5 ;1921.9 ;1882.9 ;163778.6 ;100448.9 ;98635.2 ;41699.2 ;33183.0 ;8689.5 ;108477.0 ;8979.0 ;18416.1 ;178376.7 ;537530.3 
01/01/13;80000.4 ;97283.0 ;10576.6 ;132972.6 ;4506.2 ;39859.5 ;692297.0 ;64166.8 ;4690.0 ;45894.6 ;255914.0 ;50480.0 ;525499.0 ;11165.4 ;24994.5 ;43568.3 ;400788.1 ;8547.5 ;11844.3 ;5600.9 ;820.4 ;1947.7 ;1912.8 ;163986.3 ;101470.2 ;97497.4 ;42018.0 ;34737.9 ;9091.9 ;111640.0 ;9019.1 ;18452.1 ;181907.9 ;512313.3 
01/04/13;80564.9 ;98119.0 ;10411.8 ;134027.8 ;4564.8 ;39727.2 ;701778.0 ;64325.2 ;4707.6 ;45318.9 ;255183.0 ;51009.0 ;529803.0 ;11182.2 ;25627.9 ;44682.4 ;402983.3 ;8750.3 ;12356.9 ;5653.8 ;827.7 ;2046.9 ;1978.6 ;164942.5 ;99470.5 ;97493.3 ;42376.7 ;35675.2 ;9093.8 ;110859.9 ;9090.6 ;18518.3 ;188439.7 ;517544.9 
01/07/13;81324.0 ;98323.0 ;10360.4 ;134411.9 ;4492.0 ;40060.9 ;709028.0 ;64936.4 ;4777.5 ;44634.9 ;254815.0 ;51337.0 ;530117.0 ;11060.9 ;25744.9 ;45227.4 ;404141.4 ;8849.5 ;12338.1 ;5730.7 ;851.5 ;2067.2 ;2020.1 ;165589.1 ;97987.2 ;97006.4 ;42900.6 ;36093.4 ;9134.5 ;110477.4 ;9146.7 ;18576.4 ;179119.5 ;525717.1 
01/10/13;81890.5 ;99155.0 ;10675.4 ;135581.7 ;4431.9 ;39791.9 ;712703.0 ;65313.3 ;4735.6 ;44235.9 ;254436.0 ;51495.0 ;532788.0 ;10927.3 ;25912.2 ;45659.2 ;404551.7 ;8924.0 ;12500.8 ;5798.5 ;851.2 ;2093.1 ;2033.7 ;165912.0 ;94950.4 ;100189.1 ;43197.0 ;36663.6 ;9146.0 ;109428.6 ;9296.5 ;18670.5 ;172216.3 ;541019.8 
01/01/14;81905.6 ;99783.0 ;10321.4 ;136699.6 ;4374.2 ;38673.1 ;725275.0 ;65614.5 ;4915.2 ;44272.7 ;256308.0 ;51369.0 ;535102.0 ;10897.1 ;26082.1 ;46770.4 ;406790.6 ;9109.7 ;12616.9 ;5859.0 ;858.3 ;2125.7 ;2108.2 ;167248.0 ;93497.1 ;100959.9 ;43023.7 ;36164.8 ;8978.0 ;110765.1 ;9308.4 ;18782.5 ;164765.0 ;555148.8 
01/04/14;83303.3 ;99878.0 ;10519.3 ;137839.0 ;4349.3 ;39285.0 ;729064.0 ;65819.3 ;4977.9 ;44115.1 ;256980.0 ;51594.0 ;535704.0 ;11049.0 ;26632.8 ;48911.4 ;406242.1 ;9121.0 ;12747.7 ;5887.5 ;843.9 ;2155.2 ;2152.1 ;166720.7 ;96067.0 ;102276.2 ;43081.2 ;37608.9 ;8938.2 ;109917.4 ;9423.5 ;18917.4 ;172218.1 ;569087.2 
01/07/14;83834.3 ;101347.0 ;11002.0 ;139203.6 ;4355.0 ;39620.1 ;734774.0 ;66610.0 ;5011.0 ;44743.4 ;258252.0 ;51945.0 ;538768.0 ;10978.0 ;26635.1 ;48723.2 ;406970.5 ;9195.0 ;13096.4 ;5931.7 ;867.2 ;2131.5 ;2206.9 ;167813.4 ;95213.9 ;103354.3 ;43429.3 ;38247.8 ;8801.4 ;109306.3 ;9473.7 ;19109.6 ;181811.7 ;590792.2 
01/10/14;84401.5 ;101995.0 ;11047.7 ;140367.8 ;4351.7 ;40200.1 ;742539.0 ;67711.5 ;5132.1 ;44391.6 ;260618.0 ;51989.0 ;541612.0 ;10982.5 ;26966.5 ;50307.6 ;408363.1 ;9161.9 ;13267.2 ;5998.9 ;882.1 ;2165.4 ;2283.5 ;169735.0 ;91346.7 ;102220.9 ;43519.5 ;38348.9 ;8763.8 ;109687.7 ;9436.3 ;19283.1 ;188955.6 ;596643.1 
01/01/15;84712.5 ;102870.0 ;11136.5 ;156964.3 ;4405.7 ;41048.0 ;745226.0 ;68018.8 ;5028.3 ;44210.7 ;265848.0 ;52051.0 ;546683.0 ;11060.7 ;27651.7 ;63606.2 ;409916.0 ;9206.0 ;13488.8 ;6042.1 ;893.8 ;2241.6 ;2402.1 ;169712.4 ;88774.8 ;105279.9 ;44429.3 ;39476.9 ;8699.0 ;111132.5 ;9576.6 ;19667.2 ;200372.5 ;637427.4 
01/04/15;85667.3 ;103663.0 ;11567.7 ;161989.5 ;4442.6 ;42068.8 ;753703.0 ;68055.9 ;5150.9 ;44155.8 ;268181.0 ;52935.0 ;547639.0 ;11334.1 ;28091.1 ;63991.3 ;412206.6 ;9318.9 ;13604.8 ;6149.4 ;906.9 ;2244.9 ;2475.5 ;172273.9 ;91780.3 ;109005.3 ;44790.9 ;38858.7 ;8960.1 ;113728.9 ;9632.9 ;19883.0 ;195808.5 ;667005.1 
01/07/15;86770.3 ;104678.0 ;11401.7 ;157818.3 ;4473.6 ;43130.6 ;759653.0 ;68402.9 ;5212.7 ;43553.3 ;270633.0 ;53031.0 ;551088.0 ;11407.2 ;28121.8 ;66006.4 ;415108.0 ;9365.0 ;13465.2 ;6198.5 ;915.2 ;2280.1 ;2524.4 ;174294.3 ;86178.9 ;107571.7 ;45108.7 ;40777.5 ;8982.5 ;113937.9 ;9706.5 ;20100.4 ;188351.4 ;671517.4 
01/10/15;87167.9 ;105490.0 ;11643.8 ;156335.0 ;4561.8 ;43395.5 ;764515.0 ;68541.5 ;5230.1 ;44350.7 ;272928.0 ;53368.0 ;552990.0 ;11347.8 ;28924.6 ;69204.9 ;417104.1 ;9471.5 ;13537.9 ;6189.4 ;930.1 ;2308.3 ;2590.6 ;173819.5 ;81871.5 ;107950.9 ;45384.3 ;40681.4 ;9094.3 ;116637.7 ;9785.6 ;20237.6 ;194225.0 ;669149.5 
01/01/16;89036.3 ;105349.0 ;11975.2 ;155659.4 ;4626.4 ;43967.6 ;774356.0 ;69514.3 ;5387.4 ;43468.6 ;275039.0 ;53894.0 ;557770.0 ;11532.6 ;28351.2 ;65039.5 ;421642.7 ;9512.1 ;13747.2 ;6272.1 ;957.1 ;2354.5 ;2553.3 ;174746.8 ;79652.0 ;104724.1 ;45994.4 ;41122.8 ;9042.9 ;116377.3 ;9934.9 ;20132.3 ;193667.5 ;635759.4 
01/04/16;89027.5 ;107642.0 ;11959.8 ;156326.9 ;4672.7 ;44023.6 ;780290.0 ;70533.5 ;5358.8 ;43769.1 ;276760.0 ;53994.0 ;556151.0 ;11778.3 ;28915.3 ;64812.4 ;422702.6 ;9649.1 ;13870.8 ;6268.5 ;971.4 ;2380.6 ;2598.8 ;175932.5 ;82492.6 ;106059.2 ;46216.5 ;42247.6 ;9135.7 ;117824.4 ;9992.8 ;20196.4 ;197899.9 ;631911.1 
01/07/16;89389.8 ;108152.0 ;12243.7 ;157851.7 ;4755.9 ;44530.1 ;784278.0 ;70934.9 ;5434.0 ;43544.7 ;280145.0 ;54719.0 ;557600.0 ;11911.3 ;29277.7 ;66341.0 ;425268.9 ;9786.5 ;14240.2 ;6322.7 ;991.6 ;2446.9 ;2668.3 ;177936.2 ;83366.2 ;107658.5 ;46900.4 ;42563.2 ;9217.2 ;115996.4 ;10149.0 ;20245.2 ;191882.3 ;589143.6 
01/10/16;89980.9 ;108941.0 ;12520.3 ;158740.7 ;4874.2 ;44831.8 ;789991.0 ;72125.8 ;5558.9 ;43873.7 ;281896.0 ;54911.0 ;561023.0 ;11992.1 ;29743.3 ;73008.9 ;426981.0 ;9910.0 ;14281.1 ;6469.9 ;1022.0 ;2470.0 ;2720.4 ;179670.0 ;87578.7 ;108554.5 ;47378.5 ;43630.4 ;9366.1 ;115254.3 ;10292.0 ;20440.3 ;201816.5 ;583552.7 
01/01/17;90896.9 ;110427.0 ;12733.4 ;160564.6 ;4978.5 ;45715.9 ;801647.0 ;72978.9 ;5766.0 ;43829.6 ;285723.0 ;55690.0 ;567060.0 ;12213.0 ;30817.6 ;69905.1 ;429396.1 ;10261.8 ;14298.8 ;6555.6 ;1036.4 ;2490.1 ;2909.3 ;181151.4 ;90624.7 ;112395.6 ;48096.5 ;45790.2 ;9413.1 ;119237.1 ;10443.1 ;20689.5 ;184438.1 ;595385.4 
01/04/17;92029.3 ;111199.0 ;12954.7 ;158550.3 ;5014.4 ;48098.5 ;812696.0 ;74111.9 ;5955.9 ;44169.3 ;289461.0 ;56393.0 ;572808.0 ;12451.3 ;31351.9 ;72199.2 ;433299.3 ;10435.6 ;14534.3 ;6678.1 ;1061.9 ;2468.8 ;2944.0 ;183934.1 ;87478.4 ;116871.7 ;48739.2 ;45936.1 ;9591.9 ;119183.8 ;10688.1 ;20948.4 ;192048.1 ;596842.5 
01/07/17;92874.2 ;111251.0 ;13205.7 ;154045.0 ;5078.3 ;49674.2 ;823568.0 ;73586.1 ;5950.6 ;44599.1 ;291234.0 ;56741.0 ;576862.0 ;12642.5 ;32272.1 ;74378.7 ;435888.1 ;10699.3 ;14528.1 ;6792.8 ;1086.7 ;2540.9 ;3032.6 ;185680.3 ;88614.7 ;117768.2 ;49314.3 ;47464.4 ;9984.0 ;121329.3 ;10833.1 ;21227.4 ;193291.8 ;576395.4 
01/10/17;93757.6 ;112173.0 ;13532.5 ;151487.4 ;5174.1 ;51095.0 ;833086.0 ;74128.8 ;6126.7 ;44245.0 ;295449.0 ;57477.0 ;582217.0 ;12532.5 ;32591.6 ;79299.5 ;439955.8 ;10849.5 ;14742.5 ;6886.2 ;1097.5 ;2539.6 ;3060.7 ;188044.9 ;87428.4 ;120208.5 ;49797.1 ;47846.0 ;10204.7 ;120098.5 ;11154.2 ;21577.5 ;190388.3 ;591943.1 
01/01/18;95494.3 ;113205.0 ;13440.3 ;152525.5 ;5304.2 ;52259.2 ;833314.0 ;74341.2 ;6243.1 ;44732.2 ;296217.0 ;57864.0 ;584669.0 ;12812.5 ;33661.6 ;80234.8 ;441231.8 ;11065.1 ;14874.2 ;7031.8 ;1130.1 ;2629.2 ;3095.9 ;190869.8 ;89497.5 ;123528.8 ;50526.2 ;48778.6 ;10519.7 ;119329.2 ;11214.4 ;21828.9 ;188341.4 ;597562.7 
01/04/18;95646.4 ;114573.0 ;13978.1 ;153718.1 ;5370.4 ;52528.5 ;842353.0 ;75013.5 ;6398.3 ;44806.3 ;299384.0 ;58158.0 ;588187.0 ;13236.2 ;33723.4 ;81490.4 ;443460.1 ;11252.8 ;14995.8 ;7216.4 ;1165.3 ;2672.8 ;3188.9 ;192112.9 ;92574.2 ;122819.6 ;51058.0 ;50346.6 ;10682.5 ;117025.4 ;11425.6 ;22225.4 ;175845.2 ;608297.6 
01/07/18;96410.7 ;115060.0 ;14405.6 ;157567.9 ;5412.8 ;53069.6 ;843062.0 ;76158.9 ;6461.0 ;44718.1 ;301953.0 ;58521.0 ;592895.0 ;13266.8 ;33908.7 ;81569.1 ;442390.1 ;11448.2 ;15192.6 ;7369.4 ;1174.3 ;2678.9 ;3333.7 ;194623.2 ;95375.4 ;124508.8 ;51611.4 ;52003.8 ;10813.5 ;115479.4 ;11634.3 ;22599.8 ;149789.0 ;604331.2 
01/10/18;97853.2 ;117192.0 ;14270.9 ;159421.3 ;5525.3 ;53323.2 ;853614.0 ;76815.1 ;6669.0 ;45072.6 ;305705.0 ;58925.0 ;598788.0 ;13317.1 ;34784.7 ;82183.0 ;444251.4 ;11743.3 ;15256.0 ;7504.1 ;1178.9 ;2749.9 ;3332.3 ;196794.3 ;94366.3 ;126856.2 ;51988.6 ;52521.5 ;10839.6 ;119174.5 ;11789.8 ;22776.0 ;154179.9 ;610917.5 
01/01/19;98910.3 ;117619.0 ;15284.3 ;160163.8 ;5675.2 ;55247.5 ;862884.0 ;76664.4 ;6833.8 ;45655.7 ;307704.0 ;59235.0 ;605325.0 ;13715.5 ;36539.8 ;86401.0 ;447313.9 ;11962.2 ;15161.6 ;7640.8 ;1192.6 ;2732.0 ;3384.7 ;200315.1 ;91533.2 ;129576.1 ;52982.3 ;53760.6 ;11020.6 ;120021.2 ;11922.7 ;23174.8 ;167703.4 ;628992.2 
01/04/19;98780.9 ;118612.0 ;15544.4 ;161131.1 ;5737.5 ;56095.0 ;864337.0 ;77585.3 ;6910.5 ;46089.2 ;309942.0 ;60037.0 ;610140.0 ;13930.0 ;36448.9 ;88764.2 ;449175.0 ;12191.2 ;15741.8 ;7646.5 ;1218.7 ;2809.2 ;3459.0 ;202058.1 ;91650.3 ;132897.7 ;53220.4 ;55270.0 ;11362.1 ;118826.5 ;11988.2 ;23421.5 ;160813.7 ;630981.9 
01/07/19;99716.0 ;120315.0 ;15119.7 ;166133.5 ;5791.1 ;56731.3 ;872995.0 ;78221.6 ;6949.1 ;45577.8 ;311706.0 ;60199.0 ;612081.0 ;13915.6 ;36498.5 ;89425.8 ;450273.2 ;12194.7 ;15822.3 ;7636.4 ;1264.3 ;2838.9 ;3590.0 ;204184.7 ;90078.6 ;134228.4 ;53859.7 ;56021.3 ;11644.2 ;118741.8 ;12237.9 ;23576.5 ;173535.1 ;618880.6 
01/10/19;99923.4 ;121615.0 ;15588.1 ;166847.1 ;5806.1 ;57608.4 ;878996.0 ;78005.0 ;6999.8 ;45388.2 ;315023.0 ;60381.0 ;611227.0 ;13974.3 ;36656.0 ;91470.9 ;449761.6 ;12508.3 ;15928.0 ;7683.9 ;1252.0 ;2815.7 ;3609.7 ;206518.9 ;89552.4 ;136901.9 ;54312.3 ;57318.9 ;11893.8 ;119637.9 ;12434.7 ;23875.3 ;177173.1 ;649860.6 
01/01/20;97691.5 ;118199.0 ;15609.2 ;168424.5 ;5763.0 ;56682.6 ;867072.0 ;79119.7 ;6846.1 ;44960.4 ;296636.0 ;60721.0 ;583313.0 ;13982.8 ;36614.9 ;93029.5 ;423204.4 ;12547.0 ;15955.6 ;7642.8 ;1231.3 ;2806.7 ;3486.4 ;204152.1 ;83674.8 ;136213.7 ;52393.6 ;57258.0 ;12009.4 ;119848.5 ;11862.0 ;23109.8 ;175514.9 ;642870.4 
01/04/20;87903.7 ;103332.0 ;14485.5 ;158415.2 ;4949.9 ;49451.6 ;785466.0 ;74599.1 ;6335.9 ;38331.4 ;245851.0 ;57286.0 ;523985.0 ;11665.5 ;30956.3 ;88792.0 ;374202.6 ;11847.9 ;15185.0 ;6933.1 ;946.0 ;2368.3 ;2966.1 ;186952.4 ;72307.7 ;120033.4 ;45294.8 ;49684.8 ;11000.3 ;111081.5 ;10793.4 ;21542.3 ;142880.8 ;536776.7 
01/07/20;97399.7 ;117262.0 ;15420.7 ;166257.6 ;5422.2 ;54431.5 ;848856.0 ;79473.6 ;6733.5 ;40725.4 ;289165.0 ;59768.0 ;596224.0 ;11931.8 ;34114.7 ;96873.1 ;431524.4 ;12444.0 ;16243.5 ;7320.5 ;930.7 ;2761.9 ;3242.2 ;203380.9 ;80059.6 ;134379.8 ;51109.2 ;53921.5 ;11769.8 ;120591.5 ;11969.7 ;23599.5 ;158915.4 ;596839.9 
01/10/20;95636.2 ;118100.0 ;15765.7 ;166295.3 ;5482.8 ;54911.7 ;858830.0 ;79321.8 ;6902.2 ;41680.8 ;290296.0 ;60220.0 ;597183.0 ;12837.0 ;35021.8 ;93402.7 ;426732.4 ;12664.7 ;16777.5 ;7557.1 ;1152.8 ;2825.5 ;3370.4 ;205502.5 ;81114.2 ;133862.3 ;51289.9 ;57645.6 ;12036.0 ;123973.6 ;12068.7 ;23827.6 ;152957.7 ; 
01/01/21;95615.8 ;121059.0 ;16300.2 ;164489.2 ;5624.2 ;56623.9 ;858249.0 ;80022.8 ;7170.9 ;43758.4 ;288033.0 ;60825.0 ;602194.0 ;13854.0 ;36082.2 ;100612.7 ;428749.2 ;13109.5 ;17495.3 ;7837.6 ;1178.6 ;2832.6 ;3508.8 ;204800.5 ;89171.6 ;135576.1 ;50589.2 ;58388.6 ;12506.5 ;128680.9 ;12348.5 ;23296.3 ;172571.5 ; 
01/04/21;100008.4 ;124170.0 ;16366.2 ;168082.4 ;5781.5 ;59324.8 ;875577.0 ;82648.8 ;7416.1 ;44994.3 ;292513.0 ;62646.0 ;611769.0 ;14115.6 ;38622.6 ;105892.1 ;441253.9 ;13690.6 ;17935.4 ;8100.1 ;1185.3 ;2856.5 ;3505.3 ;212062.0 ;95481.1 ;138287.1 ;52339.2 ;59485.5 ;13180.6 ;130183.9 ;12693.3 ;24282.2 ;164955.0 ; 
01/07/21;104387.9 ;129118.0 ;17088.9 ;174150.7 ;5927.2 ;61232.2 ;910936.0 ;85071.3 ;7783.4 ;46005.8 ;305002.0 ;64045.0 ;630330.0 ;14580.2 ;39015.9 ;109243.7 ;451768.1 ;13992.5 ;18507.0 ;8303.6 ;1218.7 ; ;3731.1 ;220367.6 ;104897.3 ;144760.9 ;53814.5 ;59645.0 ;13520.8 ;132667.3 ;12959.2 ;24607.8 ;184184.6 ; 
01/10/21;103003.0 ;132127.0 ;17891.9 ;180232.6 ;6019.9 ;61469.9 ;917223.0 ;86782.3 ;8217.2 ;47239.3 ;319515.0 ;65418.0 ;637301.0 ;14683.9 ;39828.0 ;104887.5 ;451993.1 ;14582.5 ;19269.3 ;8548.6 ;1315.2 ; ;3784.6 ;223277.1 ;117435.7 ;150676.5 ;54534.8 ;61389.8 ;14014.0 ;137727.1 ;13745.3 ;24936.2 ;166984.4 ; 